punch_count,hours_worked,monthly_salary,satisfaction_score,is_absent,position_ACCOUNTANT,position_ADMINISTRATOR,position_CLERK,position_DRIVER,position_ENGINEER,position_LABORER,position_SUPERVISOR,position_TECHNICIAN,status_ABSENT,status_PRESENT,department_Finance,department_HR,department_IT,department_Operations
0.18599158192536439,0.09144752062402631,-0.29005103143255895,-1.4195782950344367,-0.3281650616569468,0.0,0.0,0.0,0.0,0.0,0.0,0.0,1.0,0.0,1.0,0.0,0.0,0.0,1.0
0.18599158192536439,-1.0618396821503255,-0.6585448988000395,-0.49544052611509265,-0.3281650616569468,0.0,1.0,0.0,0.0,0.0,0.0,0.0,0.0,0.0,1.0,0.0,1.0,0.0,0.0
0.18599158192536439,-1.271528264472935,-0.07260919564712005,0.42869724280425137,-0.3281650616569468,1.0,0.0,0.0,0.0,0.0,0.0,0.0,0.0,0.0,1.0,1.0,0.0,0.0,0.0
1.2160988048966133,1.0350461410757694,0.8425346650464989,0.42869724280425137,-0.3281650616569468,0.0,0.0,0.0,0.0,0.0,0.0,1.0,0.0,0.0,1.0,0.0,0.0,0.0,1.0
-0.8441156410458844,0.19629181178533067,0.6372744447112246,0.42869724280425137,-0.3281650616569468,0.0,0.0,0.0,0.0,1.0,0.0,0.0,0.0,0.0,1.0,0.0,0.0,1.0,0.0
-0.8441156410458844,0.930201849914465,-0.6911307201292299,-1.4195782950344367,-0.3281650616569468,0.0,0.0,0.0,0.0,0.0,0.0,0.0,1.0,0.0,1.0,0.0,0.0,0.0,1.0
0.18599158192536439,-0.6424625175051061,-0.23523376190681805,-0.49544052611509265,-0.3281650616569468,0.0,0.0,1.0,0.0,0.0,0.0,0.0,0.0,0.0,1.0,0.0,0.0,0.0,1.0
-0.8441156410458844,-1.7957497202794588,0.2136587674317491,-2.3437160639537806,-0.3281650616569468,0.0,0.0,0.0,0.0,1.0,0.0,0.0,0.0,0.0,1.0,0.0,0.0,1.0,0.0
0.18599158192536439,0.09144752062402631,0.23345389253826665,-1.4195782950344367,-0.3281650616569468,1.0,0.0,0.0,0.0,0.0,0.0,0.0,0.0,0.0,1.0,1.0,0.0,0.0,0.0
-0.8441156410458844,0.7205132675918544,-0.38598125310260556,-1.4195782950344367,-0.3281650616569468,0.0,1.0,0.0,0.0,0.0,0.0,0.0,0.0,0.0,1.0,0.0,1.0,0.0,0.0
-1.8742228640171332,0.09144752062402631,-0.4176534532730336,1.3528350117235954,3.0472470011002204,0.0,0.0,0.0,0.0,0.0,1.0,0.0,0.0,1.0,0.0,0.0,0.0,0.0,1.0
1.2160988048966133,0.3011361029466369,-0.2851783852524931,1.3528350117235954,-0.3281650616569468,0.0,0.0,1.0,0.0,0.0,0.0,0.0,0.0,0.0,1.0,0.0,0.0,0.0,1.0
-1.8742228640171332,0.09144752062402631,-0.19686167323879944,-0.49544052611509265,3.0472470011002204,0.0,0.0,0.0,0.0,0.0,0.0,0.0,1.0,1.0,0.0,0.0,0.0,0.0,1.0
0.18599158192536439,0.5108246852692456,-0.31136885847034707,-0.49544052611509265,-0.3281650616569468,0.0,0.0,1.0,0.0,0.0,0.0,0.0,0.0,0.0,1.0,0.0,0.0,0.0,1.0
-1.8742228640171332,0.09144752062402631,-0.6015958465705198,1.3528350117235954,3.0472470011002204,0.0,1.0,0.0,0.0,0.0,0.0,0.0,0.0,1.0,0.0,0.0,1.0,0.0,0.0
0.18599158192536439,1.0350461410757694,0.3458292950660355,0.42869724280425137,-0.3281650616569468,0.0,0.0,0.0,0.0,1.0,0.0,0.0,0.0,0.0,1.0,0.0,0.0,1.0,0.0
1.2160988048966133,0.4059803941079413,1.2265600921129394,-0.49544052611509265,-0.3281650616569468,0.0,0.0,0.0,0.0,1.0,0.0,0.0,0.0,0.0,1.0,0.0,0.0,1.0,0.0
0.18599158192536439,-0.6424625175051061,-0.6621993834350889,0.42869724280425137,-0.3281650616569468,0.0,0.0,0.0,0.0,0.0,0.0,0.0,1.0,0.0,1.0,0.0,0.0,0.0,1.0
-0.8441156410458844,-1.1666839733116299,-0.1548350999357314,-0.49544052611509265,-0.3281650616569468,0.0,0.0,0.0,0.0,0.0,1.0,0.0,0.0,0.0,1.0,0.0,0.0,0.0,1.0
1.2160988048966133,-0.327929644021193,0.3138525545093533,0.42869724280425137,-0.3281650616569468,0.0,0.0,0.0,0.0,1.0,0.0,0.0,0.0,0.0,1.0,0.0,0.0,1.0,0.0
-0.8441156410458844,1.4544233057209888,-0.29949178340643656,0.42869724280425137,-0.3281650616569468,0.0,0.0,0.0,0.0,0.0,0.0,0.0,1.0,0.0,1.0,0.0,0.0,0.0,1.0
0.18599158192536439,-0.9569953909890211,-0.18985724435495477,0.42869724280425137,-0.3281650616569468,0.0,0.0,0.0,0.0,0.0,1.0,0.0,0.0,0.0,1.0,0.0,0.0,0.0,1.0
0.18599158192536439,0.61566897643055,-0.34821824520709516,1.3528350117235954,-0.3281650616569468,0.0,0.0,0.0,0.0,0.0,1.0,0.0,0.0,0.0,1.0,0.0,0.0,0.0,1.0
1.2160988048966133,0.19629181178533067,-0.020532789597666197,-1.4195782950344367,-0.3281650616569468,0.0,1.0,0.0,0.0,0.0,0.0,0.0,0.0,0.0,1.0,0.0,1.0,0.0,0.0
1.2160988048966133,1.0350461410757694,0.963437198389383,0.42869724280425137,-0.3281650616569468,0.0,0.0,0.0,0.0,1.0,0.0,0.0,0.0,0.0,1.0,0.0,0.0,1.0,0.0
1.2160988048966133,0.19629181178533067,0.09549709756515204,1.3528350117235954,-0.3281650616569468,0.0,0.0,0.0,0.0,0.0,0.0,1.0,0.0,0.0,1.0,0.0,0.0,0.0,1.0
1.2160988048966133,0.09144752062402631,-0.7879745629580388,-1.4195782950344367,-0.3281650616569468,0.0,0.0,0.0,0.0,0.0,0.0,0.0,1.0,0.0,1.0,0.0,0.0,0.0,1.0
0.18599158192536439,-0.327929644021193,-0.9040044501208571,0.42869724280425137,-0.3281650616569468,0.0,0.0,0.0,0.0,0.0,1.0,0.0,0.0,0.0,1.0,0.0,0.0,0.0,1.0
1.2160988048966133,-0.327929644021193,10.119443911119383,0.42869724280425137,-0.3281650616569468,0.0,0.0,0.0,1.0,0.0,0.0,0.0,0.0,0.0,1.0,0.0,0.0,0.0,1.0
0.18599158192536439,-1.0618396821503255,-0.3567453760222104,-0.49544052611509265,-0.3281650616569468,0.0,0.0,0.0,0.0,0.0,1.0,0.0,0.0,0.0,1.0,0.0,0.0,0.0,1.0
0.18599158192536439,-0.327929644021193,0.6576786505902504,1.3528350117235954,-0.3281650616569468,0.0,0.0,0.0,0.0,1.0,0.0,0.0,0.0,0.0,1.0,0.0,0.0,1.0,0.0
0.18599158192536439,-0.2230853528598868,0.07874737632117566,0.42869724280425137,-0.3281650616569468,0.0,0.0,0.0,1.0,0.0,0.0,0.0,0.0,0.0,1.0,0.0,0.0,0.0,1.0
1.2160988048966133,-1.0618396821503255,-1.0839878183970397,0.42869724280425137,-0.3281650616569468,0.0,0.0,0.0,0.0,0.0,0.0,0.0,1.0,0.0,1.0,0.0,0.0,0.0,1.0
0.18599158192536439,0.4059803941079413,-0.07839546298594827,1.3528350117235954,-0.3281650616569468,0.0,0.0,0.0,1.0,0.0,0.0,0.0,0.0,0.0,1.0,0.0,0.0,0.0,1.0
0.18599158192536439,1.7689561792049018,-0.8385282670762221,-2.3437160639537806,-0.3281650616569468,0.0,0.0,0.0,1.0,0.0,0.0,0.0,0.0,0.0,1.0,0.0,0.0,0.0,1.0
0.18599158192536439,-0.7473068086664105,0.41252363965568695,1.3528350117235954,-0.3281650616569468,0.0,0.0,0.0,0.0,0.0,0.0,1.0,0.0,0.0,1.0,0.0,0.0,0.0,1.0
0.18599158192536439,0.61566897643055,-0.5869779080303221,-1.4195782950344367,-0.3281650616569468,0.0,0.0,1.0,0.0,0.0,0.0,0.0,0.0,0.0,1.0,0.0,0.0,0.0,1.0
0.18599158192536439,0.7205132675918544,0.19234094039396096,-0.49544052611509265,-0.3281650616569468,0.0,0.0,0.0,1.0,0.0,0.0,0.0,0.0,0.0,1.0,0.0,0.0,0.0,1.0
-0.8441156410458844,-0.01339677053727806,-0.2720831486435661,0.42869724280425137,-0.3281650616569468,0.0,0.0,0.0,0.0,0.0,0.0,0.0,1.0,0.0,1.0,0.0,0.0,0.0,1.0
-0.8441156410458844,-1.271528264472935,-0.6238272947670702,0.42869724280425137,-0.3281650616569468,0.0,1.0,0.0,0.0,0.0,0.0,0.0,0.0,0.0,1.0,0.0,1.0,0.0,0.0
-0.8441156410458844,-1.5860611379568492,-0.3244640950792741,-2.3437160639537806,-0.3281650616569468,0.0,1.0,0.0,0.0,0.0,0.0,0.0,0.0,0.0,1.0,0.0,1.0,0.0,0.0
0.18599158192536439,-1.271528264472935,-0.28761470834252606,-0.49544052611509265,-0.3281650616569468,0.0,0.0,0.0,1.0,0.0,0.0,0.0,0.0,0.0,1.0,0.0,0.0,0.0,1.0
0.18599158192536439,-1.6909054291181536,-0.19686167323879944,-0.49544052611509265,-0.3281650616569468,0.0,0.0,0.0,0.0,0.0,0.0,1.0,0.0,0.0,1.0,0.0,0.0,0.0,1.0
0.18599158192536439,-0.5376182263438017,-0.4551119207822899,1.3528350117235954,-0.3281650616569468,0.0,0.0,0.0,0.0,0.0,1.0,0.0,0.0,0.0,1.0,0.0,0.0,0.0,1.0
-1.8742228640171332,0.09144752062402631,-0.008046633761247436,1.3528350117235954,3.0472470011002204,0.0,0.0,0.0,0.0,0.0,0.0,1.0,0.0,1.0,0.0,0.0,0.0,0.0,1.0
0.18599158192536439,0.19629181178533067,-0.04611418204301195,0.42869724280425137,-0.3281650616569468,0.0,0.0,0.0,0.0,0.0,0.0,1.0,0.0,0.0,1.0,0.0,0.0,0.0,1.0
0.18599158192536439,-0.7473068086664105,0.8327893726863672,1.3528350117235954,-0.3281650616569468,0.0,0.0,0.0,0.0,0.0,0.0,1.0,0.0,0.0,1.0,0.0,0.0,0.0,1.0
-0.8441156410458844,0.3011361029466369,0.42226893201581867,1.3528350117235954,-0.3281650616569468,0.0,0.0,0.0,1.0,0.0,0.0,0.0,0.0,0.0,1.0,0.0,0.0,0.0,1.0
0.18599158192536439,-0.327929644021193,-0.15605326148074788,-0.49544052611509265,-0.3281650616569468,0.0,0.0,0.0,0.0,0.0,1.0,0.0,0.0,0.0,1.0,0.0,0.0,0.0,1.0
0.18599158192536439,-0.7473068086664105,-0.38841757619263845,-1.4195782950344367,-0.3281650616569468,0.0,0.0,0.0,0.0,0.0,1.0,0.0,0.0,0.0,1.0,0.0,0.0,0.0,1.0
-0.8441156410458844,0.8253575587531606,0.32420692764199327,0.42869724280425137,-0.3281650616569468,0.0,0.0,0.0,0.0,0.0,1.0,0.0,0.0,0.0,1.0,0.0,0.0,0.0,1.0
0.18599158192536439,0.3011361029466369,0.7740130781393227,-0.49544052611509265,-0.3281650616569468,0.0,0.0,0.0,0.0,0.0,0.0,1.0,0.0,0.0,1.0,0.0,0.0,0.0,1.0
0.18599158192536439,0.19629181178533067,-0.05129136860933193,-2.3437160639537806,-0.3281650616569468,1.0,0.0,0.0,0.0,0.0,0.0,0.0,0.0,0.0,1.0,1.0,0.0,0.0,0.0
-0.8441156410458844,-0.6424625175051061,-0.47490704588880744,1.3528350117235954,-0.3281650616569468,0.0,1.0,0.0,0.0,0.0,0.0,0.0,0.0,0.0,1.0,0.0,1.0,0.0,0.0
-0.8441156410458844,-0.2230853528598868,-0.2736058505748367,1.3528350117235954,-0.3281650616569468,0.0,0.0,0.0,1.0,0.0,0.0,0.0,0.0,0.0,1.0,0.0,0.0,0.0,1.0
-0.8441156410458844,-1.1666839733116299,0.554134919263851,0.42869724280425137,-0.3281650616569468,0.0,0.0,0.0,0.0,0.0,0.0,1.0,0.0,0.0,1.0,0.0,0.0,0.0,1.0
-0.8441156410458844,0.3011361029466369,-1.032520493120094,0.42869724280425137,-0.3281650616569468,0.0,0.0,0.0,0.0,0.0,0.0,0.0,1.0,0.0,1.0,0.0,0.0,0.0,1.0
0.18599158192536439,1.0350461410757694,-0.5726645098763787,0.42869724280425137,-0.3281650616569468,0.0,0.0,0.0,0.0,0.0,0.0,0.0,1.0,0.0,1.0,0.0,0.0,0.0,1.0
0.18599158192536439,1.0350461410757694,-0.19686167323879944,1.3528350117235954,-0.3281650616569468,0.0,0.0,0.0,0.0,0.0,0.0,1.0,0.0,0.0,1.0,0.0,0.0,0.0,1.0
9.456956588666603,-0.327929644021193,1.506432707080472,0.42869724280425137,-0.3281650616569468,0.0,0.0,0.0,0.0,1.0,0.0,0.0,0.0,0.0,1.0,0.0,0.0,1.0,0.0
0.18599158192536439,0.5108246852692456,-0.19686167323879944,0.42869724280425137,-0.3281650616569468,0.0,0.0,0.0,0.0,1.0,0.0,0.0,0.0,0.0,1.0,0.0,0.0,1.0,0.0
-0.8441156410458844,1.244734723398378,0.14726896322835178,-0.49544052611509265,-0.3281650616569468,0.0,0.0,0.0,0.0,1.0,0.0,0.0,0.0,0.0,1.0,0.0,0.0,1.0,0.0
-0.8441156410458844,-0.9569953909890211,-0.11372214779142573,-0.49544052611509265,-0.3281650616569468,1.0,0.0,0.0,0.0,0.0,0.0,0.0,0.0,0.0,1.0,1.0,0.0,0.0,0.0
0.18599158192536439,1.0350461410757694,1.7284426486597226,0.42869724280425137,-0.3281650616569468,0.0,0.0,0.0,0.0,1.0,0.0,0.0,0.0,0.0,1.0,0.0,0.0,1.0,0.0
0.18599158192536439,-1.271528264472935,-0.2017343194188653,-0.49544052611509265,-0.3281650616569468,1.0,0.0,0.0,0.0,0.0,0.0,0.0,0.0,0.0,1.0,1.0,0.0,0.0,0.0
1.2160988048966133,0.09144752062402631,0.5931160887043778,-2.3437160639537806,-0.3281650616569468,0.0,0.0,0.0,0.0,1.0,0.0,0.0,0.0,0.0,1.0,0.0,0.0,1.0,0.0
0.18599158192536439,-1.4812168467955449,-0.9752669005043202,-0.49544052611509265,-0.3281650616569468,0.0,0.0,0.0,0.0,0.0,0.0,0.0,1.0,0.0,1.0,0.0,0.0,0.0,1.0
-0.8441156410458844,0.7205132675918544,0.522767259479677,0.42869724280425137,-0.3281650616569468,0.0,0.0,0.0,0.0,1.0,0.0,0.0,0.0,0.0,1.0,0.0,0.0,1.0,0.0
0.18599158192536439,-0.5376182263438017,-0.17584838658726543,-0.49544052611509265,-0.3281650616569468,1.0,0.0,0.0,0.0,0.0,0.0,0.0,0.0,0.0,1.0,1.0,0.0,0.0,0.0
-0.8441156410458844,-0.01339677053727806,-0.5799734791464775,1.3528350117235954,-0.3281650616569468,0.0,0.0,0.0,1.0,0.0,0.0,0.0,0.0,0.0,1.0,0.0,0.0,0.0,1.0
0.18599158192536439,0.61566897643055,0.3826786818027835,0.42869724280425137,-0.3281650616569468,1.0,0.0,0.0,0.0,0.0,0.0,0.0,0.0,0.0,1.0,1.0,0.0,0.0,0.0
0.18599158192536439,-1.4812168467955449,-0.7587386858776437,0.42869724280425137,-0.3281650616569468,0.0,0.0,0.0,0.0,0.0,0.0,0.0,1.0,0.0,1.0,0.0,0.0,0.0,1.0
0.18599158192536439,0.09144752062402631,-0.19686167323879944,1.3528350117235954,-0.3281650616569468,0.0,0.0,0.0,0.0,0.0,0.0,0.0,1.0,0.0,1.0,0.0,0.0,0.0,1.0
1.2160988048966133,0.19629181178533067,0.18564105189637042,-1.4195782950344367,-0.3281650616569468,0.0,0.0,0.0,1.0,0.0,0.0,0.0,0.0,0.0,1.0,0.0,0.0,0.0,1.0
1.2160988048966133,1.4544233057209888,0.20452255584412563,-0.49544052611509265,-0.3281650616569468,0.0,0.0,0.0,0.0,0.0,1.0,0.0,0.0,0.0,1.0,0.0,0.0,0.0,1.0
-1.8742228640171332,0.09144752062402631,0.890042965302141,1.3528350117235954,3.0472470011002204,0.0,0.0,0.0,0.0,1.0,0.0,0.0,0.0,1.0,0.0,0.0,0.0,1.0,0.0
0.18599158192536439,-0.5376182263438017,-0.1377808383055009,1.3528350117235954,-0.3281650616569468,0.0,0.0,0.0,1.0,0.0,0.0,0.0,0.0,0.0,1.0,0.0,0.0,0.0,1.0
0.18599158192536439,-0.9569953909890211,-0.019923708825157965,-1.4195782950344367,-0.3281650616569468,0.0,0.0,1.0,0.0,0.0,0.0,0.0,0.0,0.0,1.0,0.0,0.0,0.0,1.0
1.2160988048966133,-1.0618396821503255,-0.2912691929775754,0.42869724280425137,-0.3281650616569468,0.0,0.0,1.0,0.0,0.0,0.0,0.0,0.0,0.0,1.0,0.0,0.0,0.0,1.0
1.2160988048966133,-1.1666839733116299,-0.9944529448383296,-2.3437160639537806,-0.3281650616569468,0.0,1.0,0.0,0.0,0.0,0.0,0.0,0.0,0.0,1.0,0.0,1.0,0.0,0.0
-0.8441156410458844,-1.3763725556342394,-0.5361196635258848,-1.4195782950344367,-0.3281650616569468,0.0,0.0,0.0,0.0,0.0,0.0,0.0,1.0,0.0,1.0,0.0,0.0,0.0,1.0
0.18599158192536439,-0.01339677053727806,0.0266709702717218,-1.4195782950344367,-0.3281650616569468,0.0,0.0,0.0,1.0,0.0,0.0,0.0,0.0,0.0,1.0,0.0,0.0,0.0,1.0
0.18599158192536439,0.3011361029466369,1.165347474475862,-0.49544052611509265,-0.3281650616569468,0.0,0.0,0.0,0.0,1.0,0.0,0.0,0.0,0.0,1.0,0.0,0.0,1.0,0.0
0.18599158192536439,0.7205132675918544,-0.7757929475078742,-0.49544052611509265,-0.3281650616569468,0.0,1.0,0.0,0.0,0.0,0.0,0.0,0.0,0.0,1.0,0.0,1.0,0.0,0.0
-1.8742228640171332,0.09144752062402631,-0.2921828141363378,1.3528350117235954,3.0472470011002204,0.0,0.0,1.0,0.0,0.0,0.0,0.0,0.0,1.0,0.0,0.0,0.0,0.0,1.0
0.18599158192536439,0.5108246852692456,0.44115043596357384,0.42869724280425137,-0.3281650616569468,0.0,0.0,0.0,0.0,0.0,0.0,1.0,0.0,0.0,1.0,0.0,0.0,0.0,1.0
0.18599158192536439,-1.1666839733116299,-0.6162137851107173,-1.4195782950344367,-0.3281650616569468,0.0,1.0,0.0,0.0,0.0,0.0,0.0,0.0,0.0,1.0,0.0,1.0,0.0,0.0
-0.8441156410458844,1.8738004703662081,1.2000650785088312,-0.49544052611509265,-0.3281650616569468,0.0,0.0,0.0,0.0,0.0,0.0,1.0,0.0,0.0,1.0,0.0,0.0,0.0,1.0
-1.8742228640171332,0.09144752062402631,1.6541347944137184,-2.3437160639537806,3.0472470011002204,0.0,0.0,0.0,0.0,1.0,0.0,0.0,0.0,1.0,0.0,0.0,0.0,1.0,0.0
0.18599158192536439,1.6641118880435974,-0.03910975315916728,-2.3437160639537806,-0.3281650616569468,0.0,0.0,0.0,0.0,0.0,1.0,0.0,0.0,0.0,1.0,0.0,0.0,0.0,1.0
0.18599158192536439,-0.11824106169858242,-0.5613965155849764,0.42869724280425137,-0.3281650616569468,0.0,0.0,0.0,0.0,0.0,0.0,0.0,1.0,0.0,1.0,0.0,0.0,0.0,1.0
0.18599158192536439,0.4059803941079413,-0.3664906683823421,0.42869724280425137,-0.3281650616569468,0.0,1.0,0.0,0.0,0.0,0.0,0.0,0.0,0.0,1.0,0.0,1.0,0.0,0.0
0.18599158192536439,-0.6424625175051061,-0.5425150116372213,-0.49544052611509265,-0.3281650616569468,0.0,1.0,0.0,0.0,0.0,0.0,0.0,0.0,0.0,1.0,0.0,1.0,0.0,0.0
-1.8742228640171332,0.09144752062402631,0.6482378986163728,-0.49544052611509265,3.0472470011002204,0.0,0.0,0.0,0.0,0.0,0.0,1.0,0.0,1.0,0.0,0.0,0.0,0.0,1.0
0.18599158192536439,-0.5376182263438017,0.6878281488294079,-1.4195782950344367,-0.3281650616569468,0.0,0.0,0.0,0.0,1.0,0.0,0.0,0.0,0.0,1.0,0.0,0.0,1.0,0.0
1.2160988048966133,-1.4812168467955449,-0.25137440237828623,0.42869724280425137,-0.3281650616569468,0.0,0.0,0.0,1.0,0.0,0.0,0.0,0.0,0.0,1.0,0.0,0.0,0.0,1.0
-1.8742228640171332,0.09144752062402631,1.9742067403667944,-0.49544052611509265,3.0472470011002204,0.0,0.0,0.0,0.0,1.0,0.0,0.0,0.0,1.0,0.0,0.0,0.0,1.0,0.0
0.18599158192536439,1.1398904322370738,0.019057460615368896,0.42869724280425137,-0.3281650616569468,0.0,0.0,0.0,0.0,0.0,1.0,0.0,0.0,0.0,1.0,0.0,0.0,0.0,1.0
0.18599158192536439,1.3495790145596842,-0.334818468211914,0.42869724280425137,-0.3281650616569468,0.0,0.0,0.0,0.0,0.0,1.0,0.0,0.0,0.0,1.0,0.0,0.0,0.0,1.0
0.18599158192536439,-0.327929644021193,-0.37288601649367853,-0.49544052611509265,-0.3281650616569468,0.0,0.0,0.0,0.0,0.0,1.0,0.0,0.0,0.0,1.0,0.0,0.0,0.0,1.0
0.18599158192536439,-0.4327739351824974,-0.4876977421114803,-0.49544052611509265,-0.3281650616569468,0.0,0.0,0.0,1.0,0.0,0.0,0.0,0.0,0.0,1.0,0.0,0.0,0.0,1.0
0.18599158192536439,0.930201849914465,-0.4438439264908876,-1.4195782950344367,-0.3281650616569468,0.0,1.0,0.0,0.0,0.0,0.0,0.0,0.0,0.0,1.0,0.0,1.0,0.0,0.0
0.18599158192536439,-0.11824106169858242,0.8361393169351624,0.42869724280425137,-0.3281650616569468,0.0,0.0,0.0,0.0,0.0,0.0,1.0,0.0,0.0,1.0,0.0,0.0,0.0,1.0
-1.8742228640171332,0.09144752062402631,-0.6567176564825148,-0.49544052611509265,3.0472470011002204,0.0,0.0,0.0,0.0,0.0,1.0,0.0,0.0,1.0,0.0,0.0,0.0,0.0,1.0
0.18599158192536439,-1.3763725556342394,0.8742068652169269,1.3528350117235954,-0.3281650616569468,0.0,0.0,0.0,0.0,0.0,0.0,1.0,0.0,0.0,1.0,0.0,0.0,0.0,1.0
0.18599158192536439,0.8253575587531606,0.7335092067675253,-0.49544052611509265,-0.3281650616569468,0.0,0.0,0.0,0.0,1.0,0.0,0.0,0.0,0.0,1.0,0.0,0.0,1.0,0.0
0.18599158192536439,0.4059803941079413,-0.3527863510009069,-0.49544052611509265,-0.3281650616569468,0.0,0.0,0.0,0.0,0.0,0.0,0.0,1.0,0.0,1.0,0.0,0.0,0.0,1.0
-0.8441156410458844,-0.8521510998277168,0.7417317971963865,0.42869724280425137,-0.3281650616569468,0.0,0.0,0.0,0.0,0.0,0.0,1.0,0.0,0.0,1.0,0.0,0.0,0.0,1.0
0.18599158192536439,-0.327929644021193,-0.28365568332122254,0.42869724280425137,-0.3281650616569468,0.0,0.0,0.0,0.0,0.0,0.0,0.0,1.0,0.0,1.0,0.0,0.0,0.0,1.0
0.18599158192536439,1.6641118880435974,0.7822356685681839,1.3528350117235954,-0.3281650616569468,0.0,0.0,0.0,0.0,1.0,0.0,0.0,0.0,0.0,1.0,0.0,0.0,1.0,0.0
0.18599158192536439,-0.5376182263438017,-0.3189823681267,-1.4195782950344367,-0.3281650616569468,0.0,0.0,0.0,0.0,0.0,1.0,0.0,0.0,0.0,1.0,0.0,0.0,0.0,1.0
0.18599158192536439,-0.9569953909890211,-0.1472215902793785,0.42869724280425137,-0.3281650616569468,0.0,0.0,0.0,0.0,0.0,1.0,0.0,0.0,0.0,1.0,0.0,0.0,0.0,1.0
-0.8441156410458844,-0.8521510998277168,-0.44079852262834646,1.3528350117235954,-0.3281650616569468,0.0,0.0,0.0,0.0,0.0,0.0,0.0,1.0,0.0,1.0,0.0,0.0,0.0,1.0
-1.8742228640171332,0.09144752062402631,1.2314327382930053,-0.49544052611509265,3.0472470011002204,0.0,0.0,0.0,0.0,1.0,0.0,0.0,0.0,1.0,0.0,0.0,0.0,1.0,0.0
0.18599158192536439,0.930201849914465,-0.5955050388454375,0.42869724280425137,-0.3281650616569468,0.0,0.0,1.0,0.0,0.0,0.0,0.0,0.0,0.0,1.0,0.0,0.0,0.0,1.0
-1.8742228640171332,0.09144752062402631,-0.02570997616398617,0.42869724280425137,3.0472470011002204,1.0,0.0,0.0,0.0,0.0,0.0,0.0,0.0,1.0,0.0,1.0,0.0,0.0,0.0
1.2160988048966133,-1.271528264472935,-0.2285338734092275,-0.49544052611509265,-0.3281650616569468,0.0,0.0,1.0,0.0,0.0,0.0,0.0,0.0,0.0,1.0,0.0,0.0,0.0,1.0
1.2160988048966133,0.930201849914465,0.7950263647908568,1.3528350117235954,-0.3281650616569468,0.0,0.0,0.0,0.0,1.0,0.0,0.0,0.0,0.0,1.0,0.0,0.0,1.0,0.0
-0.8441156410458844,1.0350461410757694,-0.7051395778969193,0.42869724280425137,-0.3281650616569468,0.0,1.0,0.0,0.0,0.0,0.0,0.0,0.0,0.0,1.0,0.0,1.0,0.0,0.0
0.18599158192536439,0.8253575587531606,-0.09240432075363761,1.3528350117235954,-0.3281650616569468,0.0,1.0,0.0,0.0,0.0,0.0,0.0,0.0,0.0,1.0,0.0,1.0,0.0,0.0
-0.8441156410458844,1.4544233057209888,-0.2038661021226441,-0.49544052611509265,-0.3281650616569468,1.0,0.0,0.0,0.0,0.0,0.0,0.0,0.0,0.0,1.0,1.0,0.0,0.0,0.0
0.18599158192536439,0.930201849914465,0.6123021330383871,0.42869724280425137,-0.3281650616569468,0.0,0.0,0.0,0.0,1.0,0.0,0.0,0.0,0.0,1.0,0.0,0.0,0.0,1.0
0.18599158192536439,-0.9569953909890211,-0.04855050513304488,-0.49544052611509265,-0.3281650616569468,0.0,0.0,0.0,0.0,0.0,1.0,0.0,0.0,0.0,1.0,0.0,0.0,0.0,1.0
-0.8441156410458844,1.1398904322370738,-0.19686167323879944,-0.49544052611509265,-0.3281650616569468,0.0,0.0,0.0,1.0,0.0,0.0,0.0,0.0,0.0,1.0,0.0,0.0,0.0,1.0
-1.8742228640171332,0.09144752062402631,-0.5589601924949436,0.42869724280425137,3.0472470011002204,0.0,1.0,0.0,0.0,0.0,0.0,0.0,0.0,1.0,0.0,0.0,1.0,0.0,0.0
1.2160988048966133,-0.9569953909890211,-0.5062747056729814,1.3528350117235954,-0.3281650616569468,0.0,0.0,0.0,0.0,0.0,0.0,0.0,1.0,0.0,1.0,0.0,0.0,0.0,1.0
0.18599158192536439,1.1398904322370738,0.8751204863756893,-0.49544052611509265,-0.3281650616569468,0.0,0.0,0.0,0.0,0.0,0.0,1.0,0.0,0.0,1.0,0.0,0.0,0.0,1.0
-1.8742228640171332,0.09144752062402631,-0.6055548715918233,-1.4195782950344367,3.0472470011002204,0.0,0.0,0.0,0.0,0.0,0.0,0.0,1.0,1.0,0.0,0.0,0.0,0.0,1.0
-0.8441156410458844,0.3011361029466369,0.047075176150747584,-1.4195782950344367,-0.3281650616569468,0.0,0.0,0.0,1.0,0.0,0.0,0.0,0.0,0.0,1.0,0.0,0.0,0.0,1.0
0.18599158192536439,0.3011361029466369,-0.6244363755395784,-0.49544052611509265,-0.3281650616569468,0.0,0.0,0.0,0.0,0.0,0.0,0.0,1.0,0.0,1.0,0.0,0.0,0.0,1.0
-0.8441156410458844,-1.271528264472935,-0.6972215278543122,0.42869724280425137,-0.3281650616569468,0.0,1.0,0.0,0.0,0.0,0.0,0.0,0.0,0.0,1.0,0.0,1.0,0.0,0.0
0.18599158192536439,0.5108246852692456,0.5331216326123169,-0.49544052611509265,-0.3281650616569468,0.0,0.0,0.0,0.0,0.0,0.0,1.0,0.0,0.0,1.0,0.0,0.0,0.0,1.0
-1.8742228640171332,0.09144752062402631,-0.38719941464762203,0.42869724280425137,3.0472470011002204,0.0,0.0,0.0,1.0,0.0,0.0,0.0,0.0,1.0,0.0,0.0,0.0,0.0,1.0
0.18599158192536439,-0.327929644021193,-0.19686167323879944,0.42869724280425137,-0.3281650616569468,0.0,1.0,0.0,0.0,0.0,0.0,0.0,0.0,0.0,1.0,0.0,1.0,0.0,0.0
0.18599158192536439,0.4059803941079413,-0.8153831977209093,1.3528350117235954,-0.3281650616569468,0.0,1.0,0.0,0.0,0.0,0.0,0.0,0.0,0.0,1.0,0.0,1.0,0.0,0.0
0.18599158192536439,0.4059803941079413,-0.05799125710692248,-0.49544052611509265,-0.3281650616569468,0.0,0.0,0.0,0.0,0.0,0.0,1.0,0.0,0.0,1.0,0.0,0.0,0.0,1.0
-0.8441156410458844,-0.6424625175051061,-0.5169336191918755,-2.3437160639537806,-0.3281650616569468,0.0,1.0,0.0,0.0,0.0,0.0,0.0,0.0,0.0,1.0,0.0,1.0,0.0,0.0
-0.8441156410458844,0.930201849914465,-0.8814684615380525,0.42869724280425137,-0.3281650616569468,0.0,1.0,0.0,0.0,0.0,0.0,0.0,0.0,0.0,1.0,0.0,1.0,0.0,0.0
-0.8441156410458844,1.1398904322370738,0.1271692977355801,-0.49544052611509265,-0.3281650616569468,0.0,0.0,0.0,0.0,1.0,0.0,0.0,0.0,0.0,1.0,0.0,0.0,1.0,0.0
1.2160988048966133,1.1398904322370738,-0.1259037632415904,-0.49544052611509265,-0.3281650616569468,0.0,0.0,0.0,1.0,0.0,0.0,0.0,0.0,0.0,1.0,0.0,0.0,0.0,1.0
-0.8441156410458844,1.244734723398378,-0.7212802183683874,0.42869724280425137,-0.3281650616569468,0.0,1.0,0.0,0.0,0.0,0.0,0.0,0.0,0.0,1.0,0.0,1.0,0.0,0.0
1.2160988048966133,0.09144752062402631,1.2006741592813395,0.42869724280425137,-0.3281650616569468,0.0,0.0,0.0,0.0,1.0,0.0,0.0,0.0,0.0,1.0,0.0,0.0,1.0,0.0
0.18599158192536439,-1.4812168467955449,-0.3902448185101632,-1.4195782950344367,-0.3281650616569468,0.0,0.0,0.0,0.0,0.0,1.0,0.0,0.0,0.0,1.0,0.0,0.0,0.0,1.0
0.18599158192536439,-1.9005940114407631,-0.562919217516247,0.42869724280425137,-0.3281650616569468,0.0,0.0,1.0,0.0,0.0,0.0,0.0,0.0,0.0,1.0,0.0,0.0,0.0,1.0
0.18599158192536439,0.19629181178533067,-0.5985504427079786,0.42869724280425137,-0.3281650616569468,0.0,0.0,0.0,0.0,0.0,1.0,0.0,0.0,0.0,1.0,0.0,0.0,0.0,1.0
-1.8742228640171332,0.09144752062402631,-0.3853721723300973,1.3528350117235954,3.0472470011002204,0.0,0.0,1.0,0.0,0.0,0.0,0.0,0.0,1.0,0.0,0.0,0.0,0.0,1.0
0.18599158192536439,0.5108246852692456,-0.16762579615840428,-2.3437160639537806,-0.3281650616569468,1.0,0.0,0.0,0.0,0.0,0.0,0.0,0.0,0.0,1.0,0.0,0.0,0.0,1.0
-0.8441156410458844,1.4544233057209888,-0.7502115550625285,1.3528350117235954,-0.3281650616569468,0.0,1.0,0.0,0.0,0.0,0.0,0.0,0.0,0.0,1.0,0.0,1.0,0.0,0.0
1.2160988048966133,0.7205132675918544,-0.1700621192484372,-2.3437160639537806,-0.3281650616569468,1.0,0.0,0.0,0.0,0.0,0.0,0.0,0.0,0.0,1.0,1.0,0.0,0.0,0.0
0.18599158192536439,-0.8521510998277168,-0.6841262912453853,0.42869724280425137,-0.3281650616569468,0.0,0.0,1.0,0.0,0.0,0.0,0.0,0.0,0.0,1.0,0.0,0.0,0.0,1.0
0.18599158192536439,0.3011361029466369,-0.23066565611300632,0.42869724280425137,-0.3281650616569468,0.0,0.0,0.0,0.0,0.0,1.0,0.0,0.0,0.0,1.0,0.0,0.0,0.0,1.0
0.18599158192536439,-0.327929644021193,-0.7593477666501519,1.3528350117235954,-0.3281650616569468,0.0,0.0,0.0,0.0,0.0,1.0,0.0,0.0,0.0,1.0,0.0,0.0,0.0,1.0
1.2160988048966133,-1.3763725556342394,0.8982655557310021,0.42869724280425137,-0.3281650616569468,0.0,0.0,0.0,0.0,1.0,0.0,0.0,0.0,0.0,1.0,0.0,0.0,1.0,0.0
1.2160988048966133,1.6641118880435974,-0.031191703116560263,-1.4195782950344367,-0.3281650616569468,0.0,0.0,0.0,0.0,0.0,1.0,0.0,0.0,0.0,1.0,0.0,0.0,0.0,1.0
0.18599158192536439,-0.327929644021193,-0.4322713918132312,0.42869724280425137,-0.3281650616569468,0.0,0.0,0.0,0.0,0.0,0.0,0.0,1.0,0.0,1.0,0.0,0.0,0.0,1.0
0.18599158192536439,-1.271528264472935,1.7351425371573133,-0.49544052611509265,-0.3281650616569468,0.0,0.0,0.0,0.0,1.0,0.0,0.0,0.0,0.0,1.0,0.0,0.0,1.0,0.0
0.18599158192536439,-0.6424625175051061,0.0531659838758299,1.3528350117235954,-0.3281650616569468,0.0,0.0,0.0,0.0,0.0,0.0,1.0,0.0,0.0,1.0,0.0,0.0,0.0,1.0
0.18599158192536439,-0.5376182263438017,0.9838414042684087,0.42869724280425137,-0.3281650616569468,0.0,0.0,0.0,0.0,0.0,0.0,1.0,0.0,0.0,1.0,0.0,0.0,0.0,1.0
1.2160988048966133,0.4059803941079413,-0.40516729743661484,-0.49544052611509265,-0.3281650616569468,0.0,0.0,0.0,0.0,0.0,0.0,0.0,1.0,0.0,1.0,0.0,0.0,0.0,1.0
1.2160988048966133,0.61566897643055,-0.28852832950128837,0.42869724280425137,-0.3281650616569468,0.0,1.0,0.0,0.0,0.0,0.0,0.0,0.0,0.0,1.0,0.0,1.0,0.0,0.0
0.18599158192536439,0.7205132675918544,-0.5065792460592355,-0.49544052611509265,-0.3281650616569468,0.0,0.0,0.0,0.0,0.0,1.0,0.0,0.0,0.0,1.0,0.0,0.0,0.0,1.0
0.18599158192536439,-0.4327739351824974,0.045247933833222884,0.42869724280425137,-0.3281650616569468,1.0,0.0,0.0,0.0,0.0,0.0,0.0,0.0,0.0,1.0,1.0,0.0,0.0,0.0
-0.8441156410458844,0.3011361029466369,0.30897990832928746,0.42869724280425137,-0.3281650616569468,0.0,0.0,0.0,1.0,0.0,0.0,0.0,0.0,0.0,1.0,0.0,0.0,0.0,1.0
-0.8441156410458844,-0.5376182263438017,-0.6725537565677289,0.42869724280425137,-0.3281650616569468,0.0,0.0,0.0,1.0,0.0,0.0,0.0,0.0,0.0,1.0,0.0,0.0,0.0,1.0
-1.8742228640171332,0.09144752062402631,-0.4176534532730336,1.3528350117235954,3.0472470011002204,0.0,1.0,0.0,0.0,0.0,0.0,0.0,0.0,1.0,0.0,0.0,1.0,0.0,0.0
0.18599158192536439,0.3011361029466369,-0.4273987456331653,-0.49544052611509265,-0.3281650616569468,0.0,0.0,0.0,0.0,0.0,0.0,0.0,1.0,0.0,1.0,0.0,0.0,0.0,1.0
0.18599158192536439,-0.01339677053727806,-0.4386667399245676,-1.4195782950344367,-0.3281650616569468,0.0,0.0,1.0,0.0,0.0,0.0,0.0,0.0,0.0,1.0,0.0,0.0,0.0,1.0
0.18599158192536439,1.0350461410757694,-0.06438660521825892,-0.49544052611509265,-0.3281650616569468,0.0,0.0,1.0,0.0,0.0,0.0,0.0,0.0,0.0,1.0,0.0,0.0,0.0,1.0
-1.8742228640171332,0.09144752062402631,0.5136310478920535,-0.49544052611509265,3.0472470011002204,0.0,0.0,0.0,0.0,1.0,0.0,0.0,0.0,1.0,0.0,0.0,0.0,1.0,0.0
1.2160988048966133,1.7689561792049018,-0.8848184057868478,-1.4195782950344367,-0.3281650616569468,0.0,0.0,0.0,0.0,0.0,0.0,0.0,1.0,0.0,1.0,0.0,0.0,0.0,1.0
1.2160988048966133,-1.4812168467955449,-0.88573202694561,0.42869724280425137,-0.3281650616569468,0.0,0.0,0.0,0.0,0.0,0.0,0.0,1.0,0.0,1.0,0.0,0.0,0.0,1.0
0.18599158192536439,-1.0618396821503255,0.7560451953503299,-1.4195782950344367,-0.3281650616569468,0.0,0.0,0.0,0.0,0.0,0.0,1.0,0.0,0.0,1.0,0.0,0.0,0.0,1.0
0.18599158192536439,0.3011361029466369,-0.19686167323879944,-1.4195782950344367,-0.3281650616569468,0.0,0.0,0.0,0.0,0.0,1.0,0.0,0.0,0.0,1.0,0.0,0.0,0.0,1.0
0.18599158192536439,-0.8521510998277168,1.4016708142090561,1.3528350117235954,-0.3281650616569468,0.0,0.0,0.0,0.0,1.0,0.0,0.0,0.0,0.0,1.0,0.0,0.0,1.0,0.0
1.2160988048966133,1.1398904322370738,0.3007573179004263,1.3528350117235954,-0.3281650616569468,0.0,0.0,0.0,0.0,0.0,0.0,1.0,0.0,0.0,1.0,0.0,0.0,0.0,1.0
0.18599158192536439,0.4059803941079413,-0.722802920299658,0.42869724280425137,-0.3281650616569468,0.0,0.0,0.0,0.0,0.0,0.0,0.0,1.0,0.0,1.0,0.0,0.0,0.0,1.0
-1.8742228640171332,0.09144752062402631,0.04616155499198523,-0.49544052611509265,3.0472470011002204,0.0,0.0,0.0,0.0,0.0,1.0,0.0,0.0,1.0,0.0,0.0,0.0,0.0,1.0
-0.8441156410458844,-0.2230853528598868,-0.5586556521086894,1.3528350117235954,-0.3281650616569468,0.0,0.0,0.0,0.0,0.0,0.0,0.0,1.0,0.0,1.0,0.0,0.0,0.0,1.0
0.18599158192536439,0.09144752062402631,-0.19686167323879944,0.42869724280425137,-0.3281650616569468,1.0,0.0,0.0,0.0,0.0,0.0,0.0,0.0,0.0,1.0,1.0,0.0,0.0,0.0
1.2160988048966133,1.9786447615275125,-0.040327914704183745,-0.49544052611509265,-0.3281650616569468,0.0,0.0,1.0,0.0,0.0,0.0,0.0,0.0,0.0,1.0,0.0,0.0,0.0,1.0
1.2160988048966133,-0.7473068086664105,0.7734039973668145,-0.49544052611509265,-0.3281650616569468,0.0,0.0,0.0,0.0,1.0,0.0,0.0,0.0,0.0,1.0,0.0,0.0,1.0,0.0
0.18599158192536439,-0.01339677053727806,-0.12224927860654099,1.3528350117235954,-0.3281650616569468,0.0,0.0,1.0,0.0,0.0,0.0,0.0,0.0,0.0,1.0,0.0,0.0,0.0,1.0
-0.8441156410458844,-0.01339677053727806,-0.6201728101320209,-2.3437160639537806,-0.3281650616569468,0.0,0.0,0.0,0.0,0.0,0.0,0.0,1.0,0.0,1.0,0.0,0.0,0.0,1.0
0.18599158192536439,-0.4327739351824974,1.1690019591109113,0.42869724280425137,-0.3281650616569468,0.0,0.0,0.0,0.0,0.0,0.0,1.0,0.0,0.0,1.0,0.0,0.0,0.0,1.0
1.2160988048966133,1.559267596882293,1.034395108386592,0.42869724280425137,-0.3281650616569468,0.0,0.0,0.0,0.0,1.0,0.0,0.0,0.0,0.0,1.0,0.0,0.0,1.0,0.0
-1.8742228640171332,0.09144752062402631,-0.7770111090528906,-0.49544052611509265,3.0472470011002204,0.0,0.0,1.0,0.0,0.0,0.0,0.0,0.0,1.0,0.0,0.0,0.0,0.0,1.0
1.2160988048966133,-2.0054383026020686,-1.0169889334211342,1.3528350117235954,-0.3281650616569468,0.0,0.0,0.0,0.0,0.0,0.0,0.0,1.0,0.0,1.0,0.0,0.0,0.0,1.0
0.18599158192536439,-0.5376182263438017,-0.3524818106146528,-1.4195782950344367,-0.3281650616569468,0.0,1.0,0.0,0.0,0.0,0.0,0.0,0.0,0.0,1.0,0.0,1.0,0.0,0.0
0.18599158192536439,-1.3763725556342394,-0.7529524185388154,-0.49544052611509265,-0.3281650616569468,0.0,0.0,0.0,0.0,0.0,0.0,0.0,1.0,0.0,1.0,0.0,0.0,0.0,1.0
-0.8441156410458844,-1.271528264472935,0.27091236004752295,0.42869724280425137,-0.3281650616569468,1.0,0.0,0.0,0.0,0.0,0.0,0.0,0.0,0.0,1.0,1.0,0.0,0.0,0.0
-0.8441156410458844,0.19629181178533067,-0.19686167323879944,-0.49544052611509265,-0.3281650616569468,1.0,0.0,0.0,0.0,0.0,0.0,0.0,0.0,0.0,1.0,1.0,0.0,0.0,0.0
0.18599158192536439,0.8253575587531606,0.3775014952364636,0.42869724280425137,-0.3281650616569468,0.0,0.0,0.0,0.0,0.0,0.0,1.0,0.0,0.0,1.0,0.0,0.0,0.0,1.0
-1.8742228640171332,0.09144752062402631,0.0814882397974627,0.42869724280425137,3.0472470011002204,0.0,0.0,1.0,0.0,0.0,0.0,0.0,0.0,1.0,0.0,0.0,0.0,0.0,1.0
1.2160988048966133,1.7689561792049018,0.35405188549489663,-0.49544052611509265,-0.3281650616569468,0.0,0.0,0.0,0.0,0.0,0.0,1.0,0.0,0.0,1.0,0.0,0.0,0.0,1.0
0.18599158192536439,1.0350461410757694,-0.8351783228274268,-0.49544052611509265,-0.3281650616569468,0.0,0.0,0.0,1.0,0.0,0.0,0.0,0.0,0.0,1.0,0.0,0.0,0.0,1.0
0.18599158192536439,-0.4327739351824974,1.8883263514431337,-1.4195782950344367,-0.3281650616569468,0.0,0.0,0.0,0.0,1.0,0.0,0.0,0.0,0.0,1.0,0.0,0.0,1.0,0.0
0.18599158192536439,1.7689561792049018,-1.145504976420371,0.42869724280425137,-0.3281650616569468,0.0,0.0,0.0,0.0,0.0,0.0,0.0,1.0,0.0,1.0,0.0,0.0,0.0,1.0
0.18599158192536439,-0.4327739351824974,0.11498768228541548,-0.49544052611509265,-0.3281650616569468,1.0,0.0,0.0,0.0,0.0,0.0,0.0,0.0,0.0,1.0,1.0,0.0,0.0,0.0
0.18599158192536439,0.8253575587531606,0.03946166649439468,0.42869724280425137,-0.3281650616569468,0.0,0.0,1.0,0.0,0.0,0.0,0.0,0.0,0.0,1.0,0.0,0.0,0.0,1.0
0.18599158192536439,-0.2230853528598868,1.0477948853817731,1.3528350117235954,-0.3281650616569468,0.0,0.0,0.0,0.0,1.0,0.0,0.0,0.0,0.0,1.0,0.0,0.0,1.0,0.0
-0.8441156410458844,-0.327929644021193,-1.0916013280533925,1.3528350117235954,-0.3281650616569468,0.0,0.0,0.0,0.0,0.0,0.0,0.0,1.0,0.0,1.0,0.0,0.0,0.0,1.0
0.18599158192536439,1.0350461410757694,0.2325402713795043,-1.4195782950344367,-0.3281650616569468,1.0,0.0,0.0,0.0,0.0,0.0,0.0,0.0,0.0,1.0,1.0,0.0,0.0,0.0
-0.8441156410458844,-0.2230853528598868,0.3510064816323555,-0.49544052611509265,-0.3281650616569468,0.0,0.0,0.0,0.0,1.0,0.0,0.0,0.0,0.0,1.0,0.0,0.0,1.0,0.0
0.18599158192536439,-1.7957497202794588,0.3939466760941858,-0.49544052611509265,-0.3281650616569468,0.0,0.0,0.0,0.0,1.0,0.0,0.0,0.0,0.0,1.0,0.0,0.0,1.0,0.0
-1.8742228640171332,0.09144752062402631,-0.3406047355507422,-0.49544052611509265,3.0472470011002204,0.0,0.0,0.0,0.0,0.0,1.0,0.0,0.0,1.0,0.0,0.0,0.0,0.0,1.0
-0.8441156410458844,0.3011361029466369,0.9957184793323193,-0.49544052611509265,-0.3281650616569468,0.0,0.0,0.0,0.0,0.0,0.0,1.0,0.0,0.0,1.0,0.0,0.0,0.0,1.0
0.18599158192536439,0.3011361029466369,-0.4627254304386428,0.42869724280425137,-0.3281650616569468,0.0,1.0,0.0,0.0,0.0,0.0,0.0,0.0,0.0,1.0,0.0,1.0,0.0,0.0
0.18599158192536439,0.19629181178533067,0.002003198985138395,0.42869724280425137,-0.3281650616569468,0.0,0.0,0.0,0.0,0.0,1.0,0.0,0.0,0.0,1.0,0.0,0.0,0.0,1.0
-1.8742228640171332,0.09144752062402631,-0.3646634260648174,-0.49544052611509265,3.0472470011002204,0.0,0.0,0.0,1.0,0.0,0.0,0.0,0.0,1.0,0.0,0.0,0.0,0.0,1.0
0.18599158192536439,-1.0618396821503255,-0.13625813637423032,-0.49544052611509265,-0.3281650616569468,1.0,0.0,0.0,0.0,0.0,0.0,0.0,0.0,0.0,1.0,1.0,0.0,0.0,0.0
-1.8742228640171332,0.09144752062402631,-0.5674873233100588,-0.49544052611509265,3.0472470011002204,0.0,0.0,0.0,1.0,0.0,0.0,0.0,0.0,1.0,0.0,0.0,0.0,0.0,1.0
-0.8441156410458844,-0.6424625175051061,-0.32750949894181525,-0.49544052611509265,-0.3281650616569468,0.0,0.0,1.0,0.0,0.0,0.0,0.0,0.0,0.0,1.0,0.0,0.0,0.0,1.0
0.18599158192536439,-0.11824106169858242,1.2433098133569156,0.42869724280425137,-0.3281650616569468,0.0,0.0,0.0,0.0,1.0,0.0,0.0,0.0,0.0,1.0,0.0,0.0,1.0,0.0
-1.8742228640171332,0.09144752062402631,-0.17584838658726543,-0.49544052611509265,3.0472470011002204,1.0,0.0,0.0,0.0,0.0,0.0,0.0,0.0,1.0,0.0,1.0,0.0,0.0,0.0
0.18599158192536439,-0.327929644021193,0.06504305893974044,1.3528350117235954,-0.3281650616569468,1.0,0.0,0.0,0.0,0.0,0.0,0.0,0.0,0.0,1.0,1.0,0.0,0.0,0.0
1.2160988048966133,1.0350461410757694,0.4481548648474185,1.3528350117235954,-0.3281650616569468,0.0,0.0,0.0,0.0,0.0,0.0,1.0,0.0,0.0,1.0,0.0,0.0,0.0,1.0
0.18599158192536439,-0.327929644021193,-0.6911307201292299,-0.49544052611509265,-0.3281650616569468,0.0,1.0,0.0,0.0,0.0,0.0,0.0,0.0,0.0,1.0,0.0,1.0,0.0,0.0
-0.8441156410458844,-0.6424625175051061,0.6945280373269984,-0.49544052611509265,-0.3281650616569468,0.0,0.0,0.0,0.0,0.0,0.0,1.0,0.0,0.0,1.0,0.0,0.0,0.0,1.0
0.18599158192536439,0.5108246852692456,-0.143262565258075,0.42869724280425137,-0.3281650616569468,1.0,0.0,0.0,0.0,0.0,0.0,0.0,0.0,0.0,1.0,1.0,0.0,0.0,0.0
0.18599158192536439,-1.5860611379568492,11.18533526300879,0.42869724280425137,-0.3281650616569468,0.0,0.0,0.0,0.0,0.0,0.0,1.0,0.0,0.0,1.0,0.0,0.0,0.0,1.0
0.18599158192536439,0.19629181178533067,-0.649408687212416,-2.3437160639537806,-0.3281650616569468,0.0,0.0,0.0,0.0,0.0,0.0,0.0,1.0,0.0,1.0,0.0,0.0,0.0,1.0
0.18599158192536439,0.930201849914465,0.2739577639100641,0.42869724280425137,-0.3281650616569468,0.0,0.0,0.0,1.0,0.0,0.0,0.0,0.0,0.0,1.0,0.0,0.0,0.0,1.0
-1.8742228640171332,0.09144752062402631,0.5903752252280907,-0.49544052611509265,3.0472470011002204,0.0,0.0,0.0,0.0,0.0,0.0,1.0,0.0,1.0,0.0,0.0,0.0,0.0,1.0
0.18599158192536439,0.61566897643055,-0.19686167323879944,0.42869724280425137,-0.3281650616569468,0.0,0.0,0.0,0.0,0.0,1.0,0.0,0.0,0.0,1.0,0.0,0.0,0.0,1.0
1.2160988048966133,0.61566897643055,-0.8056379053607775,0.42869724280425137,-0.3281650616569468,0.0,1.0,0.0,0.0,0.0,0.0,0.0,0.0,0.0,1.0,0.0,1.0,0.0,0.0
-1.8742228640171332,0.09144752062402631,-0.07565459950966122,1.3528350117235954,3.0472470011002204,1.0,0.0,0.0,0.0,0.0,0.0,0.0,0.0,1.0,0.0,1.0,0.0,0.0,0.0
0.18599158192536439,0.4059803941079413,0.12930108043935892,0.42869724280425137,-0.3281650616569468,1.0,0.0,0.0,0.0,0.0,0.0,0.0,0.0,0.0,1.0,1.0,0.0,0.0,0.0
0.18599158192536439,0.61566897643055,-0.7288937280247403,1.3528350117235954,-0.3281650616569468,0.0,1.0,0.0,0.0,0.0,0.0,0.0,0.0,0.0,1.0,0.0,1.0,0.0,0.0
0.18599158192536439,-1.9005940114407631,0.6585922717490128,-0.49544052611509265,-0.3281650616569468,0.0,0.0,0.0,0.0,0.0,0.0,1.0,0.0,0.0,1.0,0.0,0.0,0.0,1.0
0.18599158192536439,-0.7473068086664105,-0.024796355005223824,-0.49544052611509265,-0.3281650616569468,0.0,0.0,0.0,1.0,0.0,0.0,0.0,0.0,0.0,1.0,0.0,0.0,0.0,1.0
-0.8441156410458844,-0.8521510998277168,-0.5720554291038705,-1.4195782950344367,-0.3281650616569468,0.0,1.0,0.0,0.0,0.0,0.0,0.0,0.0,0.0,1.0,0.0,1.0,0.0,0.0
0.18599158192536439,-1.4812168467955449,-0.38659033387511377,1.3528350117235954,-0.3281650616569468,0.0,0.0,0.0,1.0,0.0,0.0,0.0,0.0,0.0,1.0,0.0,0.0,0.0,1.0
0.18599158192536439,0.5108246852692456,-0.2906601122050672,-0.49544052611509265,-0.3281650616569468,0.0,1.0,0.0,0.0,0.0,0.0,0.0,0.0,0.0,1.0,0.0,1.0,0.0,0.0
1.2160988048966133,-0.01339677053727806,-0.20660696559893116,0.42869724280425137,-0.3281650616569468,0.0,0.0,0.0,0.0,0.0,1.0,0.0,0.0,0.0,1.0,0.0,0.0,0.0,1.0
0.18599158192536439,1.244734723398378,-0.5976368215492163,0.42869724280425137,-0.3281650616569468,0.0,0.0,0.0,0.0,0.0,0.0,0.0,1.0,0.0,1.0,0.0,0.0,0.0,1.0
1.2160988048966133,-0.4327739351824974,0.2812667331801629,1.3528350117235954,-0.3281650616569468,1.0,0.0,0.0,0.0,0.0,0.0,0.0,0.0,0.0,1.0,1.0,0.0,0.0,0.0
0.18599158192536439,0.19629181178533067,0.27304414275130173,-0.49544052611509265,-0.3281650616569468,1.0,0.0,0.0,0.0,0.0,0.0,0.0,0.0,0.0,1.0,1.0,0.0,0.0,0.0
0.18599158192536439,-0.2230853528598868,-0.628395400560882,-1.4195782950344367,-0.3281650616569468,0.0,1.0,0.0,0.0,0.0,0.0,0.0,0.0,0.0,1.0,0.0,1.0,0.0,0.0
-0.8441156410458844,0.4059803941079413,-0.38841757619263845,-0.49544052611509265,-0.3281650616569468,0.0,0.0,1.0,0.0,0.0,0.0,0.0,0.0,0.0,1.0,0.0,0.0,0.0,1.0
-0.8441156410458844,1.7689561792049018,-0.15178969607319023,-2.3437160639537806,-0.3281650616569468,0.0,0.0,1.0,0.0,0.0,0.0,0.0,0.0,0.0,1.0,0.0,0.0,0.0,1.0
1.2160988048966133,-0.7473068086664105,0.9250651097213644,-0.49544052611509265,-0.3281650616569468,0.0,0.0,0.0,0.0,1.0,0.0,0.0,0.0,0.0,1.0,0.0,0.0,1.0,0.0
0.18599158192536439,-1.1666839733116299,-0.7904108860480717,0.42869724280425137,-0.3281650616569468,0.0,0.0,0.0,1.0,0.0,0.0,0.0,0.0,0.0,1.0,0.0,0.0,0.0,1.0
-0.8441156410458844,-0.6424625175051061,0.3135480141230992,-1.4195782950344367,-0.3281650616569468,1.0,0.0,0.0,0.0,0.0,0.0,0.0,0.0,0.0,1.0,1.0,0.0,0.0,0.0
1.2160988048966133,1.244734723398378,-0.6871716951079264,1.3528350117235954,-0.3281650616569468,0.0,0.0,0.0,0.0,0.0,0.0,0.0,1.0,0.0,1.0,0.0,0.0,0.0,1.0
0.18599158192536439,0.19629181178533067,0.9747051926807853,0.42869724280425137,-0.3281650616569468,0.0,0.0,0.0,0.0,0.0,0.0,1.0,0.0,0.0,1.0,0.0,0.0,0.0,1.0
-0.8441156410458844,0.5108246852692456,0.20726341932041267,-0.49544052611509265,-0.3281650616569468,0.0,0.0,0.0,0.0,0.0,0.0,1.0,0.0,0.0,1.0,0.0,0.0,0.0,1.0
1.2160988048966133,0.5108246852692456,1.548154739997286,1.3528350117235954,-0.3281650616569468,0.0,0.0,0.0,0.0,1.0,0.0,0.0,0.0,0.0,1.0,0.0,0.0,1.0,0.0
1.2160988048966133,0.7205132675918544,-0.4069945397541396,-1.4195782950344367,-0.3281650616569468,0.0,0.0,1.0,0.0,0.0,0.0,0.0,0.0,0.0,1.0,0.0,0.0,0.0,1.0
0.18599158192536439,-1.5860611379568492,0.9360285636265125,-0.49544052611509265,-0.3281650616569468,0.0,0.0,0.0,0.0,1.0,0.0,0.0,0.0,0.0,1.0,0.0,0.0,1.0,0.0
-0.8441156410458844,-1.0618396821503255,-0.6445360410323502,1.3528350117235954,-0.3281650616569468,0.0,0.0,1.0,0.0,0.0,0.0,0.0,0.0,0.0,1.0,0.0,0.0,0.0,1.0
0.18599158192536439,-1.271528264472935,-0.28365568332122254,-0.49544052611509265,-0.3281650616569468,0.0,0.0,1.0,0.0,0.0,0.0,0.0,0.0,0.0,1.0,0.0,0.0,0.0,1.0
0.18599158192536439,-1.271528264472935,-0.15392147877696905,0.42869724280425137,-0.3281650616569468,1.0,0.0,0.0,0.0,0.0,0.0,0.0,0.0,0.0,1.0,1.0,0.0,0.0,0.0
0.18599158192536439,-0.2230853528598868,-0.28913741027379664,-1.4195782950344367,-0.3281650616569468,0.0,0.0,1.0,0.0,0.0,0.0,0.0,0.0,0.0,1.0,0.0,0.0,0.0,1.0
0.18599158192536439,0.19629181178533067,1.175397307222248,0.42869724280425137,-0.3281650616569468,0.0,0.0,0.0,0.0,1.0,0.0,0.0,0.0,0.0,1.0,0.0,0.0,1.0,0.0
-0.8441156410458844,0.4059803941079413,-0.21726587911782522,0.42869724280425137,-0.3281650616569468,0.0,0.0,0.0,1.0,0.0,0.0,0.0,0.0,0.0,1.0,0.0,0.0,0.0,1.0
0.18599158192536439,0.930201849914465,0.05042512039954286,-0.49544052611509265,-0.3281650616569468,0.0,0.0,0.0,1.0,0.0,0.0,0.0,0.0,0.0,1.0,0.0,0.0,0.0,1.0
-0.8441156410458844,-1.9005940114407631,-0.37166785494866206,-0.49544052611509265,-0.3281650616569468,0.0,0.0,0.0,1.0,0.0,0.0,0.0,0.0,0.0,1.0,0.0,0.0,0.0,1.0
1.2160988048966133,-0.6424625175051061,0.5465214096074981,0.42869724280425137,-0.3281650616569468,0.0,0.0,0.0,0.0,1.0,0.0,0.0,0.0,0.0,1.0,0.0,0.0,1.0,0.0
-1.8742228640171332,0.09144752062402631,-0.24041094847313804,0.42869724280425137,3.0472470011002204,0.0,0.0,0.0,0.0,0.0,1.0,0.0,0.0,1.0,0.0,0.0,0.0,0.0,1.0
-1.8742228640171332,0.09144752062402631,1.2588413730558756,-0.49544052611509265,3.0472470011002204,0.0,0.0,0.0,0.0,1.0,0.0,0.0,0.0,1.0,0.0,0.0,0.0,1.0,0.0
1.2160988048966133,-1.6909054291181536,0.30410726214922157,-0.49544052611509265,-0.3281650616569468,1.0,0.0,0.0,0.0,0.0,0.0,0.0,0.0,0.0,1.0,1.0,0.0,0.0,0.0
0.18599158192536439,-1.271528264472935,0.002916820143900744,1.3528350117235954,-0.3281650616569468,0.0,0.0,1.0,0.0,0.0,0.0,0.0,0.0,0.0,1.0,0.0,0.0,0.0,1.0
-0.8441156410458844,0.930201849914465,-1.111091912773656,-0.49544052611509265,-0.3281650616569468,0.0,0.0,0.0,0.0,0.0,0.0,0.0,1.0,0.0,1.0,0.0,0.0,0.0,1.0
-0.8441156410458844,-0.11824106169858242,0.8303530495963343,0.42869724280425137,-0.3281650616569468,0.0,0.0,0.0,0.0,0.0,0.0,1.0,0.0,0.0,1.0,0.0,0.0,0.0,1.0
0.18599158192536439,-1.1666839733116299,0.19203640000770686,-0.49544052611509265,-0.3281650616569468,0.0,0.0,0.0,0.0,0.0,1.0,0.0,0.0,0.0,1.0,0.0,0.0,0.0,1.0
0.18599158192536439,-0.8521510998277168,-0.21665679834531698,0.42869724280425137,-0.3281650616569468,0.0,0.0,0.0,0.0,0.0,1.0,0.0,0.0,0.0,1.0,0.0,0.0,0.0,1.0
0.18599158192536439,0.61566897643055,-0.19686167323879944,0.42869724280425137,-0.3281650616569468,0.0,0.0,0.0,1.0,0.0,0.0,0.0,0.0,0.0,1.0,0.0,0.0,0.0,1.0
0.18599158192536439,-1.271528264472935,0.8029444148334638,0.42869724280425137,-0.3281650616569468,0.0,0.0,0.0,0.0,0.0,0.0,1.0,0.0,0.0,1.0,0.0,0.0,0.0,1.0
0.18599158192536439,1.0350461410757694,-0.38202222808130204,0.42869724280425137,-0.3281650616569468,0.0,0.0,1.0,0.0,0.0,0.0,0.0,0.0,0.0,1.0,0.0,0.0,0.0,1.0
1.2160988048966133,0.19629181178533067,-0.047941424360536646,0.42869724280425137,-0.3281650616569468,0.0,0.0,1.0,0.0,0.0,0.0,0.0,0.0,0.0,1.0,0.0,0.0,0.0,1.0
0.18599158192536439,-1.0618396821503255,-0.23858370615561333,0.42869724280425137,-0.3281650616569468,0.0,0.0,1.0,0.0,0.0,0.0,0.0,0.0,0.0,1.0,0.0,0.0,0.0,1.0
-1.8742228640171332,0.09144752062402631,1.238741707563104,1.3528350117235954,3.0472470011002204,0.0,0.0,0.0,0.0,0.0,0.0,1.0,0.0,1.0,0.0,0.0,0.0,0.0,1.0
-1.8742228640171332,0.09144752062402631,0.879384051783247,1.3528350117235954,3.0472470011002204,0.0,0.0,0.0,0.0,0.0,0.0,1.0,0.0,1.0,0.0,0.0,0.0,0.0,1.0
-0.8441156410458844,0.4059803941079413,-0.7246301626171827,-0.49544052611509265,-0.3281650616569468,0.0,1.0,0.0,0.0,0.0,0.0,0.0,0.0,0.0,1.0,0.0,1.0,0.0,0.0
0.18599158192536439,0.09144752062402631,-0.05829579749317659,1.3528350117235954,-0.3281650616569468,0.0,0.0,0.0,0.0,0.0,1.0,0.0,0.0,0.0,1.0,0.0,0.0,0.0,1.0
0.18599158192536439,1.0350461410757694,-0.46942531893623335,0.42869724280425137,-0.3281650616569468,0.0,0.0,0.0,0.0,0.0,0.0,0.0,1.0,0.0,1.0,0.0,0.0,0.0,1.0
1.2160988048966133,-1.271528264472935,0.7338137471537794,-0.49544052611509265,-0.3281650616569468,0.0,0.0,0.0,0.0,1.0,0.0,0.0,0.0,0.0,1.0,0.0,0.0,1.0,0.0
1.2160988048966133,1.1398904322370738,-0.21482955602779227,-0.49544052611509265,-0.3281650616569468,1.0,0.0,0.0,0.0,0.0,0.0,0.0,0.0,0.0,1.0,1.0,0.0,0.0,0.0
1.2160988048966133,-1.5860611379568492,-0.24802445812949095,0.42869724280425137,-0.3281650616569468,0.0,0.0,0.0,0.0,0.0,0.0,1.0,0.0,0.0,1.0,0.0,0.0,0.0,1.0
-0.8441156410458844,-0.8521510998277168,0.02910729336175473,0.42869724280425137,-0.3281650616569468,0.0,0.0,0.0,1.0,0.0,0.0,0.0,0.0,0.0,1.0,0.0,0.0,0.0,1.0
-1.8742228640171332,0.09144752062402631,0.4423685975085903,-1.4195782950344367,3.0472470011002204,0.0,0.0,0.0,0.0,0.0,0.0,1.0,0.0,1.0,0.0,0.0,0.0,0.0,1.0
0.18599158192536439,7.849925066560577,-0.8552779883201985,0.42869724280425137,-0.3281650616569468,0.0,0.0,0.0,1.0,0.0,0.0,0.0,0.0,0.0,1.0,0.0,0.0,0.0,1.0
0.18599158192536439,-0.9569953909890211,-0.9920166217482966,-2.3437160639537806,-0.3281650616569468,0.0,1.0,0.0,0.0,0.0,0.0,0.0,0.0,0.0,1.0,0.0,1.0,0.0,0.0
-1.8742228640171332,0.09144752062402631,-0.15178969607319023,-0.49544052611509265,3.0472470011002204,1.0,0.0,0.0,0.0,0.0,0.0,0.0,0.0,1.0,0.0,1.0,0.0,0.0,0.0
0.18599158192536439,-1.5860611379568492,1.3167040464441577,0.42869724280425137,-0.3281650616569468,0.0,0.0,0.0,0.0,1.0,0.0,0.0,0.0,0.0,1.0,0.0,0.0,1.0,0.0
0.18599158192536439,-0.5376182263438017,-0.26111969473841795,0.42869724280425137,-0.3281650616569468,0.0,0.0,1.0,0.0,0.0,0.0,0.0,0.0,0.0,1.0,0.0,0.0,0.0,1.0
0.18599158192536439,1.559267596882293,0.8684205978780988,-0.49544052611509265,-0.3281650616569468,0.0,0.0,0.0,0.0,0.0,0.0,1.0,0.0,0.0,1.0,0.0,0.0,0.0,1.0
0.18599158192536439,0.7205132675918544,-0.19686167323879944,-2.3437160639537806,-0.3281650616569468,0.0,0.0,0.0,0.0,0.0,0.0,0.0,1.0,0.0,1.0,0.0,0.0,0.0,1.0
0.18599158192536439,-1.4812168467955449,0.13935091318574477,0.42869724280425137,-0.3281650616569468,0.0,0.0,0.0,0.0,0.0,0.0,1.0,0.0,0.0,1.0,0.0,0.0,0.0,1.0
-0.8441156410458844,1.9786447615275125,0.023930106795434756,1.3528350117235954,-0.3281650616569468,0.0,0.0,0.0,1.0,0.0,0.0,0.0,0.0,0.0,1.0,0.0,0.0,0.0,1.0
0.18599158192536439,0.5108246852692456,0.8766431883069599,0.42869724280425137,-0.3281650616569468,0.0,0.0,0.0,0.0,0.0,0.0,1.0,0.0,0.0,1.0,0.0,0.0,0.0,1.0
1.2160988048966133,-0.9569953909890211,-0.547387657817287,-0.49544052611509265,-0.3281650616569468,0.0,1.0,0.0,0.0,0.0,0.0,0.0,0.0,0.0,1.0,0.0,1.0,0.0,0.0
0.18599158192536439,-0.9569953909890211,0.139959993958253,0.42869724280425137,-0.3281650616569468,0.0,0.0,0.0,1.0,0.0,0.0,0.0,0.0,0.0,1.0,0.0,0.0,0.0,1.0
1.2160988048966133,0.930201849914465,-0.512974594170572,0.42869724280425137,-0.3281650616569468,0.0,0.0,1.0,0.0,0.0,0.0,0.0,0.0,0.0,1.0,0.0,0.0,0.0,1.0
1.2160988048966133,0.8253575587531606,-0.646972364122383,1.3528350117235954,-0.3281650616569468,0.0,1.0,0.0,0.0,0.0,0.0,0.0,0.0,0.0,1.0,0.0,1.0,0.0,0.0
0.18599158192536439,1.1398904322370738,-0.276955794823632,0.42869724280425137,-0.3281650616569468,0.0,1.0,0.0,0.0,0.0,0.0,0.0,0.0,0.0,1.0,0.0,1.0,0.0,0.0
0.18599158192536439,0.61566897643055,0.3022800198316969,1.3528350117235954,-0.3281650616569468,0.0,0.0,0.0,1.0,0.0,0.0,0.0,0.0,0.0,1.0,0.0,0.0,0.0,1.0
0.18599158192536439,0.19629181178533067,-0.23249289843053103,-0.49544052611509265,-0.3281650616569468,0.0,0.0,0.0,1.0,0.0,0.0,0.0,0.0,0.0,1.0,0.0,0.0,0.0,1.0
-0.8441156410458844,-1.3763725556342394,0.25598988112107124,-0.49544052611509265,-0.3281650616569468,0.0,0.0,0.0,0.0,0.0,1.0,0.0,0.0,0.0,1.0,0.0,0.0,0.0,1.0
0.18599158192536439,-0.2230853528598868,-0.41095356477544304,-0.49544052611509265,-0.3281650616569468,0.0,0.0,0.0,1.0,0.0,0.0,0.0,0.0,0.0,1.0,0.0,0.0,0.0,1.0
0.18599158192536439,0.5108246852692456,-0.13838991907800913,0.42869724280425137,-0.3281650616569468,0.0,0.0,0.0,1.0,0.0,0.0,0.0,0.0,0.0,1.0,0.0,0.0,0.0,1.0
1.2160988048966133,-1.7957497202794588,-0.2857874660250013,1.3528350117235954,-0.3281650616569468,0.0,0.0,0.0,1.0,0.0,0.0,0.0,0.0,0.0,1.0,0.0,0.0,0.0,1.0
-0.8441156410458844,-0.8521510998277168,-0.576014454125174,0.42869724280425137,-0.3281650616569468,1.0,0.0,0.0,0.0,0.0,0.0,0.0,0.0,0.0,1.0,1.0,0.0,0.0,0.0
0.18599158192536439,1.6641118880435974,-0.47338434395753687,0.42869724280425137,-0.3281650616569468,0.0,1.0,0.0,0.0,0.0,0.0,0.0,0.0,0.0,1.0,0.0,1.0,0.0,0.0
0.18599158192536439,-1.1666839733116299,0.037634424176869984,-1.4195782950344367,-0.3281650616569468,0.0,0.0,0.0,0.0,0.0,1.0,0.0,0.0,0.0,1.0,0.0,0.0,0.0,1.0
0.18599158192536439,-0.327929644021193,-0.27817395636864845,0.42869724280425137,-0.3281650616569468,0.0,0.0,0.0,0.0,0.0,1.0,0.0,0.0,0.0,1.0,0.0,0.0,0.0,1.0
-0.8441156410458844,0.7205132675918544,0.6503696813201516,-0.49544052611509265,-0.3281650616569468,0.0,0.0,0.0,0.0,0.0,0.0,1.0,0.0,0.0,1.0,0.0,0.0,0.0,1.0
0.18599158192536439,1.3495790145596842,-0.1831573558573642,-0.49544052611509265,-0.3281650616569468,0.0,1.0,0.0,0.0,0.0,0.0,0.0,0.0,0.0,1.0,0.0,1.0,0.0,0.0
0.18599158192536439,1.6641118880435974,-0.9886666774995013,-0.49544052611509265,-0.3281650616569468,0.0,0.0,0.0,0.0,0.0,0.0,0.0,1.0,0.0,1.0,0.0,0.0,0.0,1.0
0.18599158192536439,-1.5860611379568492,-0.5479967385897954,0.42869724280425137,-0.3281650616569468,1.0,0.0,0.0,0.0,0.0,0.0,0.0,0.0,0.0,1.0,1.0,0.0,0.0,0.0
-0.8441156410458844,0.61566897643055,-0.7066622798281899,0.42869724280425137,-0.3281650616569468,0.0,1.0,0.0,0.0,0.0,0.0,0.0,0.0,0.0,1.0,0.0,1.0,0.0,0.0
0.18599158192536439,-1.4812168467955449,-0.5848461253265433,0.42869724280425137,-0.3281650616569468,0.0,0.0,0.0,1.0,0.0,0.0,0.0,0.0,0.0,1.0,0.0,0.0,0.0,1.0
0.18599158192536439,-0.4327739351824974,-0.3719723953349162,0.42869724280425137,-0.3281650616569468,0.0,0.0,0.0,0.0,0.0,0.0,0.0,1.0,0.0,1.0,0.0,0.0,0.0,1.0
0.18599158192536439,0.61566897643055,-0.4602891073486099,0.42869724280425137,-0.3281650616569468,0.0,1.0,0.0,0.0,0.0,0.0,0.0,0.0,0.0,1.0,0.0,1.0,0.0,0.0
1.2160988048966133,0.930201849914465,-0.4876977421114803,1.3528350117235954,-0.3281650616569468,0.0,0.0,0.0,0.0,0.0,1.0,0.0,0.0,0.0,1.0,0.0,0.0,0.0,1.0
0.18599158192536439,0.7205132675918544,-0.41460804941049245,0.42869724280425137,-0.3281650616569468,0.0,0.0,0.0,0.0,0.0,1.0,0.0,0.0,0.0,1.0,0.0,0.0,0.0,1.0
0.18599158192536439,-1.3763725556342394,0.6016432195194931,1.3528350117235954,-0.3281650616569468,0.0,0.0,1.0,0.0,0.0,0.0,0.0,0.0,0.0,1.0,0.0,0.0,0.0,1.0
0.18599158192536439,1.559267596882293,-0.2720831486435661,-0.49544052611509265,-0.3281650616569468,1.0,0.0,0.0,0.0,0.0,0.0,0.0,0.0,0.0,1.0,1.0,0.0,0.0,0.0
1.2160988048966133,-1.3763725556342394,-0.45785278425857695,0.42869724280425137,-0.3281650616569468,0.0,0.0,0.0,1.0,0.0,0.0,0.0,0.0,0.0,1.0,0.0,0.0,0.0,1.0
0.18599158192536439,0.09144752062402631,0.8011171725159391,-0.49544052611509265,-0.3281650616569468,0.0,0.0,0.0,0.0,0.0,0.0,1.0,0.0,0.0,1.0,0.0,0.0,0.0,1.0
0.18599158192536439,1.6641118880435974,-0.37623596074247384,-1.4195782950344367,-0.3281650616569468,0.0,1.0,0.0,0.0,0.0,0.0,0.0,0.0,0.0,1.0,0.0,1.0,0.0,0.0
1.2160988048966133,0.19629181178533067,-0.6390543140797761,1.3528350117235954,-0.3281650616569468,0.0,0.0,0.0,0.0,0.0,0.0,0.0,1.0,0.0,1.0,0.0,0.0,0.0,1.0
1.2160988048966133,1.559267596882293,0.3135480141230992,-0.49544052611509265,-0.3281650616569468,0.0,0.0,0.0,0.0,0.0,0.0,1.0,0.0,0.0,1.0,0.0,0.0,0.0,1.0
0.18599158192536439,1.1398904322370738,-0.5738826714213952,-2.3437160639537806,-0.3281650616569468,0.0,0.0,0.0,1.0,0.0,0.0,0.0,0.0,0.0,1.0,0.0,0.0,0.0,1.0
-0.8441156410458844,0.19629181178533067,-0.5501285212935741,0.42869724280425137,-0.3281650616569468,0.0,0.0,0.0,0.0,0.0,0.0,0.0,1.0,0.0,1.0,0.0,0.0,0.0,1.0
0.18599158192536439,1.244734723398378,-0.704530497124411,1.3528350117235954,-0.3281650616569468,0.0,0.0,0.0,0.0,0.0,0.0,0.0,1.0,0.0,1.0,0.0,0.0,0.0,1.0
0.18599158192536439,0.19629181178533067,-0.9594308004191062,0.42869724280425137,-0.3281650616569468,0.0,1.0,0.0,0.0,0.0,0.0,0.0,0.0,0.0,1.0,0.0,1.0,0.0,0.0
0.18599158192536439,0.61566897643055,0.10737417262906257,1.3528350117235954,-0.3281650616569468,0.0,0.0,0.0,1.0,0.0,0.0,0.0,0.0,0.0,1.0,0.0,0.0,0.0,1.0
0.18599158192536439,-0.7473068086664105,-0.3412138163232505,1.3528350117235954,-0.3281650616569468,0.0,1.0,0.0,0.0,0.0,0.0,0.0,0.0,0.0,1.0,0.0,1.0,0.0,0.0
0.18599158192536439,0.4059803941079413,-0.7489933935175119,0.42869724280425137,-0.3281650616569468,0.0,0.0,0.0,0.0,0.0,0.0,0.0,1.0,0.0,1.0,0.0,0.0,0.0,1.0
0.18599158192536439,-0.01339677053727806,-0.31106431808409296,-0.49544052611509265,-0.3281650616569468,0.0,0.0,0.0,1.0,0.0,0.0,0.0,0.0,0.0,1.0,0.0,0.0,0.0,1.0
0.18599158192536439,0.4059803941079413,-0.19686167323879944,-1.4195782950344367,-0.3281650616569468,0.0,1.0,0.0,0.0,0.0,0.0,0.0,0.0,0.0,1.0,0.0,1.0,0.0,0.0
0.18599158192536439,-0.327929644021193,-0.43592587644828057,-0.49544052611509265,-0.3281650616569468,0.0,0.0,0.0,0.0,0.0,1.0,0.0,0.0,0.0,1.0,0.0,0.0,0.0,1.0
-0.8441156410458844,-1.5860611379568492,0.39181489339040704,0.42869724280425137,-0.3281650616569468,0.0,0.0,0.0,0.0,1.0,0.0,0.0,0.0,0.0,1.0,0.0,0.0,1.0,0.0
1.2160988048966133,-1.7957497202794588,1.1245390627178105,1.3528350117235954,-0.3281650616569468,0.0,0.0,0.0,0.0,1.0,0.0,0.0,0.0,0.0,1.0,0.0,0.0,1.0,0.0
0.18599158192536439,-1.5860611379568492,-0.6558040353237524,-2.3437160639537806,-0.3281650616569468,0.0,0.0,0.0,1.0,0.0,0.0,0.0,0.0,0.0,1.0,0.0,0.0,0.0,1.0
0.18599158192536439,0.8253575587531606,-0.43958036108333,1.3528350117235954,-0.3281650616569468,0.0,1.0,0.0,0.0,0.0,0.0,0.0,0.0,0.0,1.0,0.0,1.0,0.0,0.0
0.18599158192536439,0.19629181178533067,-0.6564131160962606,0.42869724280425137,-0.3281650616569468,0.0,0.0,0.0,1.0,0.0,0.0,0.0,0.0,0.0,1.0,0.0,0.0,0.0,1.0
0.18599158192536439,0.5108246852692456,-0.7151894106433051,0.42869724280425137,-0.3281650616569468,0.0,0.0,0.0,0.0,0.0,0.0,0.0,1.0,0.0,1.0,0.0,0.0,0.0,1.0
0.18599158192536439,-1.4812168467955449,-0.27451947173359903,-1.4195782950344367,-0.3281650616569468,0.0,0.0,0.0,0.0,0.0,1.0,0.0,0.0,0.0,1.0,0.0,0.0,0.0,1.0
0.18599158192536439,-0.01339677053727806,0.28613937936022876,-1.4195782950344367,-0.3281650616569468,0.0,0.0,0.0,0.0,0.0,1.0,0.0,0.0,0.0,1.0,0.0,0.0,0.0,1.0
-0.8441156410458844,-0.9569953909890211,0.5163719113683405,0.42869724280425137,-0.3281650616569468,0.0,0.0,0.0,0.0,1.0,0.0,0.0,0.0,0.0,1.0,0.0,0.0,1.0,0.0
1.2160988048966133,-0.6424625175051061,0.1098104957190955,0.42869724280425137,-0.3281650616569468,0.0,0.0,0.0,0.0,0.0,0.0,1.0,0.0,0.0,1.0,0.0,0.0,0.0,1.0
-1.8742228640171332,0.09144752062402631,-0.28335114293496844,-0.49544052611509265,3.0472470011002204,1.0,0.0,0.0,0.0,0.0,0.0,0.0,0.0,1.0,0.0,1.0,0.0,0.0,0.0
0.18599158192536439,-0.11824106169858242,0.49048597853674064,-0.49544052611509265,-0.3281650616569468,0.0,0.0,0.0,0.0,1.0,0.0,0.0,0.0,0.0,1.0,0.0,0.0,1.0,0.0
0.18599158192536439,-0.2230853528598868,-0.6902170989704676,-2.3437160639537806,-0.3281650616569468,0.0,1.0,0.0,0.0,0.0,0.0,0.0,0.0,0.0,1.0,0.0,1.0,0.0,0.0
-1.8742228640171332,0.09144752062402631,-0.591850554210388,1.3528350117235954,3.0472470011002204,0.0,0.0,0.0,0.0,0.0,0.0,0.0,1.0,1.0,0.0,0.0,0.0,0.0,1.0
1.2160988048966133,0.61566897643055,-0.0092647953062639,1.3528350117235954,-0.3281650616569468,0.0,0.0,1.0,0.0,0.0,0.0,0.0,0.0,0.0,1.0,0.0,0.0,0.0,1.0
0.18599158192536439,-0.2230853528598868,0.25020361378224304,1.3528350117235954,-0.3281650616569468,0.0,0.0,0.0,1.0,0.0,0.0,0.0,0.0,0.0,1.0,0.0,0.0,0.0,1.0
1.2160988048966133,-0.7473068086664105,-0.45023927460222407,1.3528350117235954,-0.3281650616569468,0.0,0.0,0.0,0.0,0.0,1.0,0.0,0.0,0.0,1.0,0.0,0.0,0.0,1.0
-0.8441156410458844,-1.3763725556342394,0.5364715768611121,0.42869724280425137,-0.3281650616569468,0.0,0.0,1.0,0.0,0.0,0.0,0.0,0.0,0.0,1.0,0.0,0.0,0.0,1.0
1.2160988048966133,-1.271528264472935,0.344611133521019,1.3528350117235954,-0.3281650616569468,0.0,0.0,0.0,0.0,0.0,1.0,0.0,0.0,0.0,1.0,0.0,0.0,0.0,1.0
0.18599158192536439,1.0350461410757694,-0.14600342873436203,-0.49544052611509265,-0.3281650616569468,1.0,0.0,0.0,0.0,0.0,0.0,0.0,0.0,0.0,1.0,1.0,0.0,0.0,0.0
1.2160988048966133,0.8253575587531606,-0.9049180712796194,0.42869724280425137,-0.3281650616569468,0.0,0.0,0.0,0.0,0.0,1.0,0.0,0.0,0.0,1.0,0.0,0.0,0.0,1.0
0.18599158192536439,-0.2230853528598868,-0.10854496122510576,-0.49544052611509265,-0.3281650616569468,1.0,0.0,0.0,0.0,0.0,0.0,0.0,0.0,0.0,1.0,1.0,0.0,0.0,0.0
-0.8441156410458844,-1.271528264472935,-0.21361139448277583,-0.49544052611509265,-0.3281650616569468,0.0,0.0,0.0,0.0,0.0,1.0,0.0,0.0,0.0,1.0,0.0,0.0,0.0,1.0
0.18599158192536439,0.930201849914465,-0.9070498539833982,1.3528350117235954,-0.3281650616569468,0.0,0.0,0.0,0.0,0.0,1.0,0.0,0.0,0.0,1.0,0.0,0.0,0.0,1.0
-0.8441156410458844,1.3495790145596842,-0.6740764584989994,-0.49544052611509265,-0.3281650616569468,0.0,0.0,0.0,0.0,0.0,0.0,0.0,1.0,0.0,1.0,0.0,0.0,0.0,1.0
1.2160988048966133,-0.4327739351824974,0.5982932752706978,1.3528350117235954,-0.3281650616569468,0.0,0.0,0.0,0.0,0.0,0.0,1.0,0.0,0.0,1.0,0.0,0.0,0.0,1.0
0.18599158192536439,1.1398904322370738,-0.4645526727561675,0.42869724280425137,-0.3281650616569468,0.0,0.0,1.0,0.0,0.0,0.0,0.0,0.0,0.0,1.0,0.0,0.0,0.0,1.0
